date,day,start,end,event,location
2026-09-30,Wed,09:00,12:00,CS 229 lecture and section,Stanford campus
2026-09-30,Wed,18:00,20:00,Gym,Arrillaga gym
2026-10-01,Thu,10:00,17:00,Research lab,Gates building
2026-10-02,Fri,09:00,12:00,CS 229 lecture,Stanford campus
2026-10-02,Fri,19:00,22:00,Friend's birthday dinner,Palo Alto
2026-10-03,Sat,10:00,18:00,Hackathon,Stanford campus
2026-10-04,Sun,11:00,13:00,Family brunch,Home
2026-10-05,Mon,09:00,17:00,Research lab,Gates building
2026-10-06,Tue,09:00,12:00,CS 229 lecture,Stanford campus
2026-10-06,Tue,18:00,20:00,Gym,Arrillaga gym
2026-10-07,Wed,09:00,12:00,CS 229 lecture and section,Stanford campus
2026-10-07,Wed,14:00,16:00,Project meeting,Gates building
2026-10-08,Thu,10:00,16:00,Research lab,Gates building
2026-10-09,Fri,09:00,12:00,CS 229 midterm,Stanford campus
2026-10-11,Sun,11:00,13:00,Family brunch,Home
2026-10-12,Mon,09:00,17:00,Research lab,Gates building
2026-10-13,Tue,09:00,12:00,CS 229 lecture,Stanford campus
